{
  "test_scripts/test_html_report.py": 1776195181.605116,
  "test_scripts/smoke_test_live.py": 1776203581.8284767,
  "test_scripts/test_registry.py": 1776195181.6777458,
  "test_scripts/test_database.py": 1776195181.5556886,
  "test_scripts/test_ebay_adapter.py": 1776195181.6119077,
  "test_scripts/test_condition.py": 1776195181.5756428,
  "test_scripts/test_catalog.py": 1776195181.6198812,
  "test_scripts/test_adapter_base.py": 1776195181.58235,
  "test_scripts/test_search.py": 1776203581.8297503,
  "test_scripts/test_skeleton_adapters.py": 1776195181.6607087,
  "test_scripts/test_watch.py": 1776195181.6280172,
  "test_scripts/test_terminal_report.py": 1776195181.5969124,
  "test_scripts/test_playwright_base.py": 1776193999.35195,
  "test_scripts/test_olx_adapter.py": 1776195181.6429224,
  "test_scripts/test_currency.py": 1776203581.8291135,
  "test_scripts/test_subito_adapter.py": 1776195181.6506379,
  "test_scripts/test_config.py": 1776203581.8288033,
  "test_scripts/test_query_expansion.py": 1776203581.8294053,
  "test_scripts/test_cli.py": 1776194007.3039052,
  "test_scripts/test_types.py": 1776203581.830067,
  "test_scripts/test_shipping.py": 1776195181.5627794,
  "src/__init__.py": 1776195181.5369332,
  "src/cli.py": 1776203581.8266902,
  "src/core/config.py": 1776203581.8269908,
  "src/core/query_expansion.py": 1776203581.8275006,
  "src/core/__init__.py": 1776195181.5371993,
  "src/core/types.py": 1776203581.8281708,
  "src/core/condition.py": 1776195181.5754335,
  "src/core/dedup.py": 1776195181.5889683,
  "src/core/shipping.py": 1776195181.5624282,
  "src/core/search.py": 1776203581.8278522,
  "src/core/currency.py": 1776203581.8272192,
  "src/catalog/compatibility.py": 1776195181.619356,
  "src/catalog/models.py": 1776195181.619505,
  "src/catalog/__init__.py": 1776195181.5371156,
  "src/catalog/seed_data.py": 1776195181.619653,
  "src/adapters/olx.py": 1776198296.6105618,
  "src/adapters/playwright_base.py": 1776199648.9415767,
  "src/adapters/njuskalo.py": 1776197031.9764838,
  "src/adapters/registry.py": 1776197079.663247,
  "src/adapters/ebay.py": 1776195181.6117496,
  "src/adapters/allegro.py": 1776196953.5026948,
  "src/adapters/__init__.py": 1776195181.5370278,
  "src/adapters/facebook.py": 1776197044.4583464,
  "src/adapters/jofogas.py": 1776196997.7492108,
  "src/adapters/moto_breakers.py": 1776197050.3365896,
  "src/adapters/wallapop.py": 1776196983.4654586,
  "src/adapters/bazos.py": 1776197014.5445051,
  "src/adapters/subito.py": 1776197834.0515738,
  "src/adapters/kleinanzeigen.py": 1776197475.424453,
  "src/adapters/base.py": 1776195181.5820596,
  "src/adapters/bolha.py": 1776197036.7604935,
  "src/adapters/leboncoin.py": 1776197480.1031075,
  "src/db/database.py": 1776195181.6266284,
  "src/db/__init__.py": 1776195181.5373,
  "src/watch/runner.py": 1776195181.6278636,
  "src/watch/notifier.py": 1776195181.6276646,
  "src/watch/__init__.py": 1776195181.537758,
  "src/watch/scheduler.py": 1776195181.635386,
  "src/watch/manager.py": 1776195181.626846,
  "src/reports/html_report.py": 1776195181.6037307,
  "src/reports/__init__.py": 1776195181.537531,
  "src/reports/terminal_report.py": 1776195181.5966947,
  "README.md": 1776195305.9731028,
  "Issues - Pending Items.md": 1776203581.825538,
  "docs/design/project-design.md": 1776195181.6684265,
  "docs/superpowers/plans/2026-04-14-ducati-parts-finder.md": 1776192479.3459718,
  "docs/superpowers/plans/2026-04-15-search-pipeline-overhaul.md": 1776202167.424303,
  "docs/superpowers/specs/2026-04-15-search-pipeline-overhaul-design.md": 1776201869.462435,
  "docs/superpowers/specs/2026-04-14-ducati-parts-finder-design.md": 1776191848.719297,
  "graphify-out/GRAPH_REPORT.md": 1776204109.951029
}